{
  "optimizer": "MIPROv2",
  "training_examples": 108,
  "baseline": {
    "total_examples": 24,
    "citation_level_accuracy": 0.3333333333333333,
    "error_detection": {
      "precision": 0.04,
      "recall": 0.1,
      "f1": 0.05714285714285714,
      "true_positives": 1,
      "false_positives": 24,
      "false_negatives": 9
    }
  },
  "optimized_val": {
    "total_examples": 24,
    "citation_level_accuracy": 0.5,
    "error_detection": {
      "precision": 0.18181818181818182,
      "recall": 0.4,
      "f1": 0.25000000000000006,
      "true_positives": 4,
      "false_positives": 18,
      "false_negatives": 6
    }
  },
  "optimized_test": {
    "total_examples": 25,
    "citation_level_accuracy": 0.44,
    "error_detection": {
      "precision": 0.13636363636363635,
      "recall": 0.23076923076923078,
      "f1": 0.1714285714285714,
      "true_positives": 3,
      "false_positives": 19,
      "false_negatives": 10
    }
  },
  "improvement": {
    "f1_delta": 0.19285714285714292,
    "precision_delta": 0.14181818181818182,
    "recall_delta": 0.30000000000000004
  }
}