{
  "prompt_version": "v2",
  "test_set_size": 121,
  "configurations": {
    "GPT-4o-mini_v2_default": {
      "model": "GPT-4o-mini",
      "reasoning_effort": null,
      "rounds": {
        "round1": {
          "accuracy": 0.6859504132231405,
          "correct": 83,
          "errors": 38,
          "total": 121
        },
        "round2": {
          "accuracy": 0.6859504132231405,
          "correct": 83,
          "errors": 38,
          "total": 121
        },
        "round3": {
          "accuracy": 0.6694214876033058,
          "correct": 81,
          "errors": 40,
          "total": 121
        }
      },
      "avg_accuracy": 0.6804407713498623,
      "std_dev": 0.009542979656026905
    },
    "GPT-5-mini_v2_low": {
      "model": "GPT-5-mini",
      "reasoning_effort": "low",
      "rounds": {
        "round1": {
          "accuracy": 0.7603305785123967,
          "correct": 92,
          "errors": 29,
          "total": 121
        },
        "round2": {
          "accuracy": 0.7520661157024794,
          "correct": 91,
          "errors": 30,
          "total": 121
        },
        "round3": {
          "accuracy": 0.7272727272727273,
          "correct": 88,
          "errors": 33,
          "total": 121
        }
      },
      "avg_accuracy": 0.7465564738292011,
      "std_dev": 0.017203851235257302
    },
    "GPT-5-mini_v2_medium": {
      "model": "GPT-5-mini",
      "reasoning_effort": "medium",
      "rounds": {
        "round1": {
          "accuracy": 0.7603305785123967,
          "correct": 92,
          "errors": 29,
          "total": 121
        },
        "round2": {
          "accuracy": 0.7355371900826446,
          "correct": 89,
          "errors": 32,
          "total": 121
        },
        "round3": {
          "accuracy": 0.7603305785123967,
          "correct": 92,
          "errors": 29,
          "total": 121
        }
      },
      "avg_accuracy": 0.7520661157024794,
      "std_dev": 0.014314469484040325
    }
  }
}